CREATE DATABASE IF NOT EXISTS travel;

USE travel;


CREATE TABLE destination (
    destination_id INT PRIMARY KEY AUTO_INCREMENT,
    destination_name VARCHAR(100) UNIQUE NOT NULL,
    latitude DECIMAL(9,6),
    longitude DECIMAL(9,6)
);


-- insert it first to avoid FK errors

INSERT INTO destination (destination_name, latitude, longitude) VALUES ('Goa', 15.299300, 74.124000), ('Manali', 32.243200, 77.189200), ('Jaipur', 26.912400, 75.787300);


CREATE TABLE users (
    user_id CHAR(36) PRIMARY KEY,   -- UUID
    username VARCHAR(50) UNIQUE NOT NULL,
    password_hash VARCHAR(255) NOT NULL,
    age INT,
    budget INT,
    beach TINYINT(1) DEFAULT 0,
    trekking TINYINT(1) DEFAULT 0,
    culture TINYINT(1) DEFAULT 0,
    adventure TINYINT(1) DEFAULT 0,
    travel_month INT,
    destination_id INT NULL,
    created_at TIMESTAMP DEFAULT CURRENT_TIMESTAMP,
    FOREIGN KEY (destination_id) REFERENCES destination(destination_id) ON DELETE SET NULL
);



CREATE TABLE poi (
    poi_id INT PRIMARY KEY AUTO_INCREMENT,
    destination_id INT NOT NULL,
    poi_name VARCHAR(100) NOT NULL,
    latitude DECIMAL(9,6),
    longitude DECIMAL(9,6),
    FOREIGN KEY (destination_id) REFERENCES destination(destination_id) ON DELETE CASCADE
);


CREATE TABLE ratings (
    user_id CHAR(36),
    poi_id INT,
    rating_food INT,
    rating_safety INT,
    rating_fun INT,
    PRIMARY KEY (user_id, poi_id),
    FOREIGN KEY (user_id) REFERENCES users(user_id) ON DELETE CASCADE,  -- data integrity
    FOREIGN KEY (poi_id) REFERENCES poi(poi_id) ON DELETE CASCADE
);



CREATE TABLE token_blacklist (
    jti VARCHAR(64) PRIMARY KEY,
    expires_at DATETIME NOT NULL
);


CREATE TABLE travel_groups (
    group_id CHAR(36) PRIMARY KEY,
    group_name VARCHAR(100) NOT NULL,
    description TEXT,
    destination_id INT,
    destination_name VARCHAR(100) NOT NULL,
    travel_month INT CHECK (travel_month BETWEEN 1 AND 12),
    max_members INT DEFAULT 4 CHECK (max_members BETWEEN 2 AND 10),
    created_by CHAR(36) NOT NULL,
    created_at TIMESTAMP DEFAULT CURRENT_TIMESTAMP,
    FOREIGN KEY (created_by) REFERENCES users(user_id) ON DELETE CASCADE,
    FOREIGN KEY (destination_id) REFERENCES destination(destination_id) ON DELETE SET NULL
);


CREATE TABLE group_join_requests (
    request_id CHAR(36) PRIMARY KEY,
    group_id CHAR(36) NOT NULL,
    user_id CHAR(36) NOT NULL,
    status ENUM('pending','approved','rejected') DEFAULT 'pending',
    requested_at TIMESTAMP DEFAULT CURRENT_TIMESTAMP,
    UNIQUE(group_id, user_id),
    FOREIGN KEY (group_id) REFERENCES travel_groups(group_id) ON DELETE CASCADE,
    FOREIGN KEY (user_id) REFERENCES users(user_id) ON DELETE CASCADE
);


CREATE TABLE group_members (
    group_id CHAR(36),
    user_id CHAR(36),
    role ENUM('admin','member') DEFAULT 'member',
    joined_at TIMESTAMP DEFAULT CURRENT_TIMESTAMP,
    PRIMARY KEY (group_id, user_id),
    FOREIGN KEY (group_id) REFERENCES travel_groups(group_id) ON DELETE CASCADE,
    FOREIGN KEY (user_id) REFERENCES users(user_id) ON DELETE CASCADE
);


CREATE TABLE private_messages (
    message_id CHAR(36) PRIMARY KEY,
    sender_id CHAR(36) NOT NULL,
    receiver_id CHAR(36) NOT NULL,
    message VARCHAR(2000) NOT NULL,
    sent_at TIMESTAMP DEFAULT CURRENT_TIMESTAMP,
    is_read BOOLEAN DEFAULT FALSE,
    FOREIGN KEY (sender_id) REFERENCES users(user_id) ON DELETE CASCADE,
    FOREIGN KEY (receiver_id) REFERENCES users(user_id) ON DELETE CASCADE
);

CREATE INDEX idx_private_pair
ON private_messages(sender_id, receiver_id, sent_at);


CREATE TABLE group_messages (
    message_id CHAR(36) PRIMARY KEY,
    group_id CHAR(36) NOT NULL,
    sender_id CHAR(36) NOT NULL,
    message VARCHAR(2000) NOT NULL,
    sent_at TIMESTAMP DEFAULT CURRENT_TIMESTAMP,
    FOREIGN KEY (group_id) REFERENCES travel_groups(group_id) ON DELETE CASCADE,
    FOREIGN KEY (sender_id) REFERENCES users(user_id)
);

CREATE INDEX idx_group_chat
ON group_messages(group_id, sent_at);


-- dummy data :)

INSERT INTO users 
(user_id, username, password_hash, age, budget, beach, trekking, culture, adventure, travel_month, destination_id)
VALUES
('d63570f817d011f1b077e8fb1c361bab','user_1','$2b$12$C6UzMDM.H6dfI/f/IKcEe.7qQ1ZJ8R9Q0ZQzQ0ZQzQ0ZQzQ0ZQzQ0',24,15665,0,0,1,0,4,2),
('d635727517d011f1b077e8fb1c361bab','user_2','$2b$12$C6UzMDM.H6dfI/f/IKcEe.7qQ1ZJ8R9Q0ZQzQ0ZQzQ0ZQzQ0ZQzQ0',35,10637,0,1,0,0,5,3),
('d63578b617d011f1b077e8fb1c361bab','user_3','$2b$12$C6UzMDM.H6dfI/f/IKcEe.7qQ1ZJ8R9Q0ZQzQ0ZQzQ0ZQzQ0ZQzQ0',28,15561,0,1,0,1,1,2),
('d6357ab717d011f1b077e8fb1c361bab','user_4','$2b$12$C6UzMDM.H6dfI/f/IKcEe.7qQ1ZJ8R9Q0ZQzQ0ZQzQ0ZQzQ0ZQzQ0',34,8093,0,1,1,0,6,1),
('d6357b3f17d011f1b077e8fb1c361bab','user_5','$2b$12$C6UzMDM.H6dfI/f/IKcEe.7qQ1ZJ8R9Q0ZQzQ0ZQzQ0ZQzQ0ZQzQ0',24,9243,0,1,0,0,7,2),
('d6357d5617d011f1b077e8fb1c361bab','user_6','$2b$12$C6UzMDM.H6dfI/f/IKcEe.7qQ1ZJ8R9Q0ZQzQ0ZQzQ0ZQzQ0ZQzQ0',31,14475,0,1,1,1,9,1),
('d635818817d011f1b077e8fb1c361bab','user_7','$2b$12$C6UzMDM.H6dfI/f/IKcEe.7qQ1ZJ8R9Q0ZQzQ0ZQzQ0ZQzQ0ZQzQ0',20,17695,1,0,0,1,11,3),
('d635849117d011f1b077e8fb1c361bab','user_8','$2b$12$C6UzMDM.H6dfI/f/IKcEe.7qQ1ZJ8R9Q0ZQzQ0ZQzQ0ZQzQ0ZQzQ0',19,14077,1,1,1,0,1,2),
('d635880e17d011f1b077e8fb1c361bab','user_9','$2b$12$C6UzMDM.H6dfI/f/IKcEe.7qQ1ZJ8R9Q0ZQzQ0ZQzQ0ZQzQ0ZQzQ0',24,14056,0,1,0,0,4,2),
('d635888917d011f1b077e8fb1c361bab','user_10','$2b$12$C6UzMDM.H6dfI/f/IKcEe.7qQ1ZJ8R9Q0ZQzQ0ZQzQ0ZQzQ0ZQzQ0',22,12397,1,0,0,0,7,2),
('d6358a0f17d011f1b077e8fb1c361bab','user_11','$2b$12$C6UzMDM.H6dfI/f/IKcEe.7qQ1ZJ8R9Q0ZQzQ0ZQzQ0ZQzQ0ZQzQ0',26,14582,0,1,0,0,7,2),
('d6358a9617d011f1b077e8fb1c361bab','user_12','$2b$12$C6UzMDM.H6dfI/f/IKcEe.7qQ1ZJ8R9Q0ZQzQ0ZQzQ0ZQzQ0ZQzQ0',18,17775,1,0,1,0,4,2),
('d6358b2717d011f1b077e8fb1c361bab','user_13','$2b$12$C6UzMDM.H6dfI/f/IKcEe.7qQ1ZJ8R9Q0ZQzQ0ZQzQ0ZQzQ0ZQzQ0',26,12412,0,1,0,0,1,2),
('d6358dea17d011f1b077e8fb1c361bab','user_14','$2b$12$C6UzMDM.H6dfI/f/IKcEe.7qQ1ZJ8R9Q0ZQzQ0ZQzQ0ZQzQ0ZQzQ0',24,10709,0,1,1,0,10,2),
('d6358f6517d011f1b077e8fb1c361bab','user_15','$2b$12$C6UzMDM.H6dfI/f/IKcEe.7qQ1ZJ8R9Q0ZQzQ0ZQzQ0ZQzQ0ZQzQ0',22,16242,1,0,0,0,1,2),
('d635903117d011f1b077e8fb1c361bab','user_16','$2b$12$C6UzMDM.H6dfI/f/IKcEe.7qQ1ZJ8R9Q0ZQzQ0ZQzQ0ZQzQ0ZQzQ0',20,9231,1,1,0,0,2,3),
('d635913b17d011f1b077e8fb1c361bab','user_17','$2b$12$C6UzMDM.H6dfI/f/IKcEe.7qQ1ZJ8R9Q0ZQzQ0ZQzQ0ZQzQ0ZQzQ0',34,17372,1,0,0,0,11,3),
('d63591bb17d011f1b077e8fb1c361bab','user_18','$2b$12$C6UzMDM.H6dfI/f/IKcEe.7qQ1ZJ8R9Q0ZQzQ0ZQzQ0ZQzQ0ZQzQ0',33,16900,0,1,0,1,9,1),
('d635957017d011f1b077e8fb1c361bab','user_19','$2b$12$C6UzMDM.H6dfI/f/IKcEe.7qQ1ZJ8R9Q0ZQzQ0ZQzQ0ZQzQ0ZQzQ0',27,18202,1,1,0,1,11,3),
('d635970317d011f1b077e8fb1c361bab','user_20','$2b$12$C6UzMDM.H6dfI/f/IKcEe.7qQ1ZJ8R9Q0ZQzQ0ZQzQ0ZQzQ0ZQzQ0',18,16399,0,0,1,1,2,3),
('d63598ff17d011f1b077e8fb1c361bab','user_21','$2b$12$C6UzMDM.H6dfI/f/IKcEe.7qQ1ZJ8R9Q0ZQzQ0ZQzQ0ZQzQ0ZQzQ0',33,16460,1,1,0,0,11,3),
('d6359bdd17d011f1b077e8fb1c361bab','user_22','$2b$12$C6UzMDM.H6dfI/f/IKcEe.7qQ1ZJ8R9Q0ZQzQ0ZQzQ0ZQzQ0ZQzQ0',35,16545,0,0,1,1,12,1),
('d6359ca517d011f1b077e8fb1c361bab','user_23','$2b$12$C6UzMDM.H6dfI/f/IKcEe.7qQ1ZJ8R9Q0ZQzQ0ZQzQ0ZQzQ0ZQzQ0',23,14503,1,1,1,0,9,1),
('d6359f6817d011f1b077e8fb1c361bab','user_24','$2b$12$C6UzMDM.H6dfI/f/IKcEe.7qQ1ZJ8R9Q0ZQzQ0ZQzQ0ZQzQ0ZQzQ0',26,19050,1,1,0,1,10,2),
('d635a20917d011f1b077e8fb1c361bab','user_25','$2b$12$C6UzMDM.H6dfI/f/IKcEe.7qQ1ZJ8R9Q0ZQzQ0ZQzQ0ZQzQ0ZQzQ0',18,18657,1,1,1,0,5,3),
('d635a34017d011f1b077e8fb1c361bab','user_26','$2b$12$C6UzMDM.H6dfI/f/IKcEe.7qQ1ZJ8R9Q0ZQzQ0ZQzQ0ZQzQ0ZQzQ0',32,12938,0,1,0,0,10,2),
('d635a5bb17d011f1b077e8fb1c361bab','user_27','$2b$12$C6UzMDM.H6dfI/f/IKcEe.7qQ1ZJ8R9Q0ZQzQ0ZQzQ0ZQzQ0ZQzQ0',34,13443,1,0,0,0,3,1),
('d635a8b517d011f1b077e8fb1c361bab','user_28','$2b$12$C6UzMDM.H6dfI/f/IKcEe.7qQ1ZJ8R9Q0ZQzQ0ZQzQ0ZQzQ0ZQzQ0',18,11125,0,0,1,1,7,2),
('d635a98f17d011f1b077e8fb1c361bab','user_29','$2b$12$C6UzMDM.H6dfI/f/IKcEe.7qQ1ZJ8R9Q0ZQzQ0ZQzQ0ZQzQ0ZQzQ0',20,10149,0,1,0,0,4,2),
('d635ac6917d011f1b077e8fb1c361bab','user_30','$2b$12$C6UzMDM.H6dfI/f/IKcEe.7qQ1ZJ8R9Q0ZQzQ0ZQzQ0ZQzQ0ZQzQ0',32,14560,1,1,0,1,8,3),
('d635674f17d011f1b077e8fb1c361bab','user_31','$2b$12$C6UzMDM.H6dfI/f/IKcEe.7qQ1ZJ8R9Q0ZQzQ0ZQzQ0ZQzQ0ZQzQ0',35,13214,0,1,0,1,2,3),
('d635706b17d011f1b077e8fb1c361bab','user_32','$2b$12$C6UzMDM.H6dfI/f/IKcEe.7qQ1ZJ8R9Q0ZQzQ0ZQzQ0ZQzQ0ZQzQ0',35,16032,1,1,0,1,8,3),
('d635718517d011f1b077e8fb1c361bab','user_33','$2b$12$C6UzMDM.H6dfI/f/IKcEe.7qQ1ZJ8R9Q0ZQzQ0ZQzQ0ZQzQ0ZQzQ0',29,9838,1,0,1,1,1,2),
('d635737117d011f1b077e8fb1c361bab','user_34','$2b$12$C6UzMDM.H6dfI/f/IKcEe.7qQ1ZJ8R9Q0ZQzQ0ZQzQ0ZQzQ0ZQzQ0',27,8145,0,0,1,1,4,2),
('d63573f517d011f1b077e8fb1c361bab','user_35','$2b$12$C6UzMDM.H6dfI/f/IKcEe.7qQ1ZJ8R9Q0ZQzQ0ZQzQ0ZQzQ0ZQzQ0',33,13878,0,1,0,1,3,1),
('d635747117d011f1b077e8fb1c361bab','user_36','$2b$12$C6UzMDM.H6dfI/f/IKcEe.7qQ1ZJ8R9Q0ZQzQ0ZQzQ0ZQzQ0ZQzQ0',21,16048,1,1,0,0,8,3),
('d63574f417d011f1b077e8fb1c361bab','user_37','$2b$12$C6UzMDM.H6dfI/f/IKcEe.7qQ1ZJ8R9Q0ZQzQ0ZQzQ0ZQzQ0ZQzQ0',26,17439,1,0,1,1,10,2),
('d635757717d011f1b077e8fb1c361bab','user_38','$2b$12$C6UzMDM.H6dfI/f/IKcEe.7qQ1ZJ8R9Q0ZQzQ0ZQzQ0ZQzQ0ZQzQ0',31,9598,1,1,1,1,4,2),
('d63575fa17d011f1b077e8fb1c361bab','user_39','$2b$12$C6UzMDM.H6dfI/f/IKcEe.7qQ1ZJ8R9Q0ZQzQ0ZQzQ0ZQzQ0ZQzQ0',25,9587,1,0,0,0,2,3),
('d635768017d011f1b077e8fb1c361bab','user_40','$2b$12$C6UzMDM.H6dfI/f/IKcEe.7qQ1ZJ8R9Q0ZQzQ0ZQzQ0ZQzQ0ZQzQ0',20,10916,0,0,1,1,6,1),
('d635773617d011f1b077e8fb1c361bab','user_41','$2b$12$C6UzMDM.H6dfI/f/IKcEe.7qQ1ZJ8R9Q0ZQzQ0ZQzQ0ZQzQ0ZQzQ0',25,10788,0,1,1,1,7,2),
('d6357bbd17d011f1b077e8fb1c361bab','user_42','$2b$12$C6UzMDM.H6dfI/f/IKcEe.7qQ1ZJ8R9Q0ZQzQ0ZQzQ0ZQzQ0ZQzQ0',18,14446,1,0,0,0,10,2),
('d6357cd917d011f1b077e8fb1c361bab','user_43','$2b$12$C6UzMDM.H6dfI/f/IKcEe.7qQ1ZJ8R9Q0ZQzQ0ZQzQ0ZQzQ0ZQzQ0',29,18992,1,0,0,0,8,3),
('d6357dd317d011f1b077e8fb1c361bab','user_44','$2b$12$C6UzMDM.H6dfI/f/IKcEe.7qQ1ZJ8R9Q0ZQzQ0ZQzQ0ZQzQ0ZQzQ0',24,19995,1,1,0,1,8,3),
('d6357e5317d011f1b077e8fb1c361bab','user_45','$2b$12$C6UzMDM.H6dfI/f/IKcEe.7qQ1ZJ8R9Q0ZQzQ0ZQzQ0ZQzQ0ZQzQ0',28,9111,1,0,0,0,4,2),
('d635806517d011f1b077e8fb1c361bab','user_46','$2b$12$C6UzMDM.H6dfI/f/IKcEe.7qQ1ZJ8R9Q0ZQzQ0ZQzQ0ZQzQ0ZQzQ0',27,16307,1,1,1,1,6,1),
('d635810017d011f1b077e8fb1c361bab','user_47','$2b$12$C6UzMDM.H6dfI/f/IKcEe.7qQ1ZJ8R9Q0ZQzQ0ZQzQ0ZQzQ0ZQzQ0',33,19771,1,1,1,1,12,1),
('d635828017d011f1b077e8fb1c361bab','user_48','$2b$12$C6UzMDM.H6dfI/f/IKcEe.7qQ1ZJ8R9Q0ZQzQ0ZQzQ0ZQzQ0ZQzQ0',21,8446,0,0,0,1,4,2),
('d63582fb17d011f1b077e8fb1c361bab','user_49','$2b$12$C6UzMDM.H6dfI/f/IKcEe.7qQ1ZJ8R9Q0ZQzQ0ZQzQ0ZQzQ0ZQzQ0',30,11196,0,1,0,1,11,3),
('d635853517d011f1b077e8fb1c361bab','user_50','$2b$12$C6UzMDM.H6dfI/f/IKcEe.7qQ1ZJ8R9Q0ZQzQ0ZQzQ0ZQzQ0ZQzQ0',24,10341,0,1,1,1,3,1),
('d63585ba17d011f1b077e8fb1c361bab','user_51','$2b$12$C6UzMDM.H6dfI/f/IKcEe.7qQ1ZJ8R9Q0ZQzQ0ZQzQ0ZQzQ0ZQzQ0',23,9505,1,1,1,1,12,1),
('d635877317d011f1b077e8fb1c361bab','user_52','$2b$12$C6UzMDM.H6dfI/f/IKcEe.7qQ1ZJ8R9Q0ZQzQ0ZQzQ0ZQzQ0ZQzQ0',20,15331,1,0,0,0,9,1),
('d635890817d011f1b077e8fb1c361bab','user_53','$2b$12$C6UzMDM.H6dfI/f/IKcEe.7qQ1ZJ8R9Q0ZQzQ0ZQzQ0ZQzQ0ZQzQ0',18,9498,0,1,0,0,11,3),
('d6358c5d17d011f1b077e8fb1c361bab','user_54','$2b$12$C6UzMDM.H6dfI/f/IKcEe.7qQ1ZJ8R9Q0ZQzQ0ZQzQ0ZQzQ0ZQzQ0',19,11835,0,0,1,1,7,2),
('d63590b817d011f1b077e8fb1c361bab','user_55','$2b$12$C6UzMDM.H6dfI/f/IKcEe.7qQ1ZJ8R9Q0ZQzQ0ZQzQ0ZQzQ0ZQzQ0',31,19834,1,1,0,0,11,3),
('d635923d17d011f1b077e8fb1c361bab','user_56','$2b$12$C6UzMDM.H6dfI/f/IKcEe.7qQ1ZJ8R9Q0ZQzQ0ZQzQ0ZQzQ0ZQzQ0',35,18303,1,0,1,0,11,3),
('d63594ea17d011f1b077e8fb1c361bab','user_57','$2b$12$C6UzMDM.H6dfI/f/IKcEe.7qQ1ZJ8R9Q0ZQzQ0ZQzQ0ZQzQ0ZQzQ0',28,16761,0,1,0,1,12,1),
('d63595f417d011f1b077e8fb1c361bab','user_58','$2b$12$C6UzMDM.H6dfI/f/IKcEe.7qQ1ZJ8R9Q0ZQzQ0ZQzQ0ZQzQ0ZQzQ0',30,15900,1,0,1,0,8,3),
('d635967d17d011f1b077e8fb1c361bab','user_59','$2b$12$C6UzMDM.H6dfI/f/IKcEe.7qQ1ZJ8R9Q0ZQzQ0ZQzQ0ZQzQ0ZQzQ0',28,16924,1,1,0,0,8,3),
('d635978517d011f1b077e8fb1c361bab','user_60','$2b$12$C6UzMDM.H6dfI/f/IKcEe.7qQ1ZJ8R9Q0ZQzQ0ZQzQ0ZQzQ0ZQzQ0',19,19094,0,0,1,1,3,1),
('d635980017d011f1b077e8fb1c361bab','user_61','$2b$12$C6UzMDM.H6dfI/f/IKcEe.7qQ1ZJ8R9Q0ZQzQ0ZQzQ0ZQzQ0ZQzQ0',21,12769,1,0,0,0,3,1),
('d635997f17d011f1b077e8fb1c361bab','user_62','$2b$12$C6UzMDM.H6dfI/f/IKcEe.7qQ1ZJ8R9Q0ZQzQ0ZQzQ0ZQzQ0ZQzQ0',25,19875,1,0,1,0,1,2),
('d635a11817d011f1b077e8fb1c361bab','user_63','$2b$12$C6UzMDM.H6dfI/f/IKcEe.7qQ1ZJ8R9Q0ZQzQ0ZQzQ0ZQzQ0ZQzQ0',28,11561,1,0,1,0,9,1),
('d635a4bd17d011f1b077e8fb1c361bab','user_64','$2b$12$C6UzMDM.H6dfI/f/IKcEe.7qQ1ZJ8R9Q0ZQzQ0ZQzQ0ZQzQ0ZQzQ0',22,19484,1,0,1,1,3,1),
('d635aa7417d011f1b077e8fb1c361bab','user_65','$2b$12$C6UzMDM.H6dfI/f/IKcEe.7qQ1ZJ8R9Q0ZQzQ0ZQzQ0ZQzQ0ZQzQ0',31,12830,0,1,0,1,4,2),
('d6356f5f17d011f1b077e8fb1c361bab','user_66','$2b$12$C6UzMDM.H6dfI/f/IKcEe.7qQ1ZJ8R9Q0ZQzQ0ZQzQ0ZQzQ0ZQzQ0',24,11763,1,0,1,1,11,3),
('d63572f817d011f1b077e8fb1c361bab','user_67','$2b$12$C6UzMDM.H6dfI/f/IKcEe.7qQ1ZJ8R9Q0ZQzQ0ZQzQ0ZQzQ0ZQzQ0',26,8664,1,0,0,0,5,3),
('d63577af17d011f1b077e8fb1c361bab','user_68','$2b$12$C6UzMDM.H6dfI/f/IKcEe.7qQ1ZJ8R9Q0ZQzQ0ZQzQ0ZQzQ0ZQzQ0',18,19944,1,0,0,0,2,3),
('d635783617d011f1b077e8fb1c361bab','user_69','$2b$12$C6UzMDM.H6dfI/f/IKcEe.7qQ1ZJ8R9Q0ZQzQ0ZQzQ0ZQzQ0ZQzQ0',30,18273,0,0,1,0,2,3),
('d635793217d011f1b077e8fb1c361bab','user_70','$2b$12$C6UzMDM.H6dfI/f/IKcEe.7qQ1ZJ8R9Q0ZQzQ0ZQzQ0ZQzQ0ZQzQ0',23,15422,1,1,0,0,7,2),
('d63579ae17d011f1b077e8fb1c361bab','user_71','$2b$12$C6UzMDM.H6dfI/f/IKcEe.7qQ1ZJ8R9Q0ZQzQ0ZQzQ0ZQzQ0ZQzQ0',33,11877,1,0,1,0,12,1),
('d6357a3517d011f1b077e8fb1c361bab','user_72','$2b$12$C6UzMDM.H6dfI/f/IKcEe.7qQ1ZJ8R9Q0ZQzQ0ZQzQ0ZQzQ0ZQzQ0',24,18263,1,1,0,1,1,2),
('d6357c5817d011f1b077e8fb1c361bab','user_73','$2b$12$C6UzMDM.H6dfI/f/IKcEe.7qQ1ZJ8R9Q0ZQzQ0ZQzQ0ZQzQ0ZQzQ0',26,16500,0,0,1,0,7,2),
('d6357ecf17d011f1b077e8fb1c361bab','user_74','$2b$12$C6UzMDM.H6dfI/f/IKcEe.7qQ1ZJ8R9Q0ZQzQ0ZQzQ0ZQzQ0ZQzQ0',32,8294,1,0,1,1,6,1),
('d6357f5517d011f1b077e8fb1c361bab','user_75','$2b$12$C6UzMDM.H6dfI/f/IKcEe.7qQ1ZJ8R9Q0ZQzQ0ZQzQ0ZQzQ0ZQzQ0',31,18926,1,0,1,1,7,2),
('d6357fdc17d011f1b077e8fb1c361bab','user_76','$2b$12$C6UzMDM.H6dfI/f/IKcEe.7qQ1ZJ8R9Q0ZQzQ0ZQzQ0ZQzQ0ZQzQ0',20,13086,1,0,1,0,10,2),
('d635820417d011f1b077e8fb1c361bab','user_77','$2b$12$C6UzMDM.H6dfI/f/IKcEe.7qQ1ZJ8R9Q0ZQzQ0ZQzQ0ZQzQ0ZQzQ0',22,13583,0,0,0,1,11,3),
('d635838617d011f1b077e8fb1c361bab','user_78','$2b$12$C6UzMDM.H6dfI/f/IKcEe.7qQ1ZJ8R9Q0ZQzQ0ZQzQ0ZQzQ0ZQzQ0',26,15607,1,1,1,1,3,1),
('d635863e17d011f1b077e8fb1c361bab','user_79','$2b$12$C6UzMDM.H6dfI/f/IKcEe.7qQ1ZJ8R9Q0ZQzQ0ZQzQ0ZQzQ0ZQzQ0',33,18830,1,1,0,0,7,2),
('d63586e617d011f1b077e8fb1c361bab','user_80','$2b$12$C6UzMDM.H6dfI/f/IKcEe.7qQ1ZJ8R9Q0ZQzQ0ZQzQ0ZQzQ0ZQzQ0',31,8156,1,0,1,1,11,3),
('d635898817d011f1b077e8fb1c361bab','user_81','$2b$12$C6UzMDM.H6dfI/f/IKcEe.7qQ1ZJ8R9Q0ZQzQ0ZQzQ0ZQzQ0ZQzQ0',33,18333,1,1,1,0,5,3),
('d6358bac17d011f1b077e8fb1c361bab','user_82','$2b$12$C6UzMDM.H6dfI/f/IKcEe.7qQ1ZJ8R9Q0ZQzQ0ZQzQ0ZQzQ0ZQzQ0',20,19922,1,1,0,1,5,3),
('d6358ce717d011f1b077e8fb1c361bab','user_83','$2b$12$C6UzMDM.H6dfI/f/IKcEe.7qQ1ZJ8R9Q0ZQzQ0ZQzQ0ZQzQ0ZQzQ0',23,10712,1,0,0,0,9,1),
('d6358d6b17d011f1b077e8fb1c361bab','user_84','$2b$12$C6UzMDM.H6dfI/f/IKcEe.7qQ1ZJ8R9Q0ZQzQ0ZQzQ0ZQzQ0ZQzQ0',35,8477,0,0,1,1,6,1),
('d6358e6a17d011f1b077e8fb1c361bab','user_85','$2b$12$C6UzMDM.H6dfI/f/IKcEe.7qQ1ZJ8R9Q0ZQzQ0ZQzQ0ZQzQ0ZQzQ0',19,14060,1,0,1,0,11,3),
('d6358ee817d011f1b077e8fb1c361bab','user_86','$2b$12$C6UzMDM.H6dfI/f/IKcEe.7qQ1ZJ8R9Q0ZQzQ0ZQzQ0ZQzQ0ZQzQ0',27,8035,1,0,0,1,5,3),
('d63592bc17d011f1b077e8fb1c361bab','user_87','$2b$12$C6UzMDM.H6dfI/f/IKcEe.7qQ1ZJ8R9Q0ZQzQ0ZQzQ0ZQzQ0ZQzQ0',26,15973,1,0,0,1,9,1),
('d635933f17d011f1b077e8fb1c361bab','user_88','$2b$12$C6UzMDM.H6dfI/f/IKcEe.7qQ1ZJ8R9Q0ZQzQ0ZQzQ0ZQzQ0ZQzQ0',35,17613,1,1,0,0,10,2),
('d63593e917d011f1b077e8fb1c361bab','user_89','$2b$12$C6UzMDM.H6dfI/f/IKcEe.7qQ1ZJ8R9Q0ZQzQ0ZQzQ0ZQzQ0ZQzQ0',30,15470,1,0,1,1,12,1),
('d635946c17d011f1b077e8fb1c361bab','user_90','$2b$12$C6UzMDM.H6dfI/f/IKcEe.7qQ1ZJ8R9Q0ZQzQ0ZQzQ0ZQzQ0ZQzQ0',33,11813,1,1,0,1,12,1),
('d635987c17d011f1b077e8fb1c361bab','user_91','$2b$12$C6UzMDM.H6dfI/f/IKcEe.7qQ1ZJ8R9Q0ZQzQ0ZQzQ0ZQzQ0ZQzQ0',35,10168,1,0,1,1,4,2),
('d63599fb17d011f1b077e8fb1c361bab','user_92','$2b$12$C6UzMDM.H6dfI/f/IKcEe.7qQ1ZJ8R9Q0ZQzQ0ZQzQ0ZQzQ0ZQzQ0',25,14513,1,0,1,1,9,1),
('d6359a8d17d011f1b077e8fb1c361bab','user_93','$2b$12$C6UzMDM.H6dfI/f/IKcEe.7qQ1ZJ8R9Q0ZQzQ0ZQzQ0ZQzQ0ZQzQ0',28,8940,0,1,0,0,2,3),
('d6359b3c17d011f1b077e8fb1c361bab','user_94','$2b$12$C6UzMDM.H6dfI/f/IKcEe.7qQ1ZJ8R9Q0ZQzQ0ZQzQ0ZQzQ0ZQzQ0',28,14705,1,0,0,0,5,3),
('d6359d8117d011f1b077e8fb1c361bab','user_95','$2b$12$C6UzMDM.H6dfI/f/IKcEe.7qQ1ZJ8R9Q0ZQzQ0ZQzQ0ZQzQ0ZQzQ0',18,16968,0,1,1,0,12,1),
('d6359e8c17d011f1b077e8fb1c361bab','user_96','$2b$12$C6UzMDM.H6dfI/f/IKcEe.7qQ1ZJ8R9Q0ZQzQ0ZQzQ0ZQzQ0ZQzQ0',25,16952,0,0,1,1,3,1),
('d635a6b717d011f1b077e8fb1c361bab','user_97','$2b$12$C6UzMDM.H6dfI/f/IKcEe.7qQ1ZJ8R9Q0ZQzQ0ZQzQ0ZQzQ0ZQzQ0',18,10216,0,0,0,1,4,2),
('d635a7bb17d011f1b077e8fb1c361bab','user_98','$2b$12$C6UzMDM.H6dfI/f/IKcEe.7qQ1ZJ8R9Q0ZQzQ0ZQzQ0ZQzQ0ZQzQ0',35,11018,1,0,1,0,8,3),
('d635ab8517d011f1b077e8fb1c361bab','user_99','$2b$12$C6UzMDM.H6dfI/f/IKcEe.7qQ1ZJ8R9Q0ZQzQ0ZQzQ0ZQzQ0ZQzQ0',29,15749,0,0,1,0,3,1),
('d635ad4017d011f1b077e8fb1c361bab','user_100','$2b$12$C6UzMDM.H6dfI/f/IKcEe.7qQ1ZJ8R9Q0ZQzQ0ZQzQ0ZQzQ0ZQzQ0',21,10657,1,1,0,1,5,3);


INSERT INTO poi (poi_id, destination_id, poi_name, latitude, longitude) VALUES
(1, 1, 'Baga Beach', 15.555300, 73.751700),
(2, 1, 'Fort Aguada', 15.498900, 73.773700),
(3, 1, 'Dudhsagar Falls', 15.314400, 74.314600),
(4, 2, 'Solang Valley', 32.316800, 77.157000),
(5, 2, 'Hadimba Temple', 32.243100, 77.188300),
(6, 2, 'Rohtang Pass', 32.371300, 77.246300),
(7, 3, 'Hawa Mahal', 26.923900, 75.826700),
(8, 3, 'Amber Fort', 26.985500, 75.851300),
(9, 3, 'City Palace Jaipur', 26.925800, 75.823700);


INSERT INTO ratings (user_id, poi_id, rating_food, rating_safety, rating_fun) VALUES
('d63570f817d011f1b077e8fb1c361bab',1,2,4,1),
('d63570f817d011f1b077e8fb1c361bab',2,4,4,3),
('d63570f817d011f1b077e8fb1c361bab',3,5,5,1),
('d635727517d011f1b077e8fb1c361bab',1,5,3,1),
('d635727517d011f1b077e8fb1c361bab',2,1,5,2),
('d635727517d011f1b077e8fb1c361bab',3,2,2,3),
('d63578b617d011f1b077e8fb1c361bab',1,4,2,5),
('d63578b617d011f1b077e8fb1c361bab',2,3,4,3),
('d63578b617d011f1b077e8fb1c361bab',3,2,2,5),
('d6357ab717d011f1b077e8fb1c361bab',1,3,5,2),
('d6357ab717d011f1b077e8fb1c361bab',2,3,5,4),
('d6357ab717d011f1b077e8fb1c361bab',3,4,4,4),
('d6357b3f17d011f1b077e8fb1c361bab',1,2,2,5),
('d6357b3f17d011f1b077e8fb1c361bab',2,2,1,5),
('d6357b3f17d011f1b077e8fb1c361bab',3,5,1,1),
('d6357d5617d011f1b077e8fb1c361bab',1,2,1,2),
('d6357d5617d011f1b077e8fb1c361bab',2,5,3,5),
('d6357d5617d011f1b077e8fb1c361bab',3,2,2,2),
('d635818817d011f1b077e8fb1c361bab',1,5,3,1),
('d635818817d011f1b077e8fb1c361bab',2,3,1,2),
('d635818817d011f1b077e8fb1c361bab',3,1,5,4),
('d635849117d011f1b077e8fb1c361bab',1,2,4,1),
('d635849117d011f1b077e8fb1c361bab',2,3,4,2),
('d635849117d011f1b077e8fb1c361bab',3,2,1,2),
('d635880e17d011f1b077e8fb1c361bab',1,4,5,2),
('d635880e17d011f1b077e8fb1c361bab',2,5,3,4),
('d635880e17d011f1b077e8fb1c361bab',3,4,2,3),
('d635888917d011f1b077e8fb1c361bab',1,4,3,3),
('d635888917d011f1b077e8fb1c361bab',2,5,2,5),
('d635888917d011f1b077e8fb1c361bab',3,1,4,4),
('d6358a0f17d011f1b077e8fb1c361bab',1,1,2,4),
('d6358a0f17d011f1b077e8fb1c361bab',2,4,3,3),
('d6358a0f17d011f1b077e8fb1c361bab',3,3,1,1),
('d6358a9617d011f1b077e8fb1c361bab',1,3,1,5),
('d6358a9617d011f1b077e8fb1c361bab',2,3,2,3),
('d6358a9617d011f1b077e8fb1c361bab',3,2,3,1),
('d6358b2717d011f1b077e8fb1c361bab',1,1,3,1),
('d6358b2717d011f1b077e8fb1c361bab',2,3,3,1),
('d6358b2717d011f1b077e8fb1c361bab',3,3,3,4),
('d6358dea17d011f1b077e8fb1c361bab',1,3,2,2),
('d6358dea17d011f1b077e8fb1c361bab',2,4,5,1),
('d6358dea17d011f1b077e8fb1c361bab',3,4,1,1),
('d6358f6517d011f1b077e8fb1c361bab',1,3,4,4),
('d6358f6517d011f1b077e8fb1c361bab',2,4,4,5),
('d6358f6517d011f1b077e8fb1c361bab',3,4,4,4),
('d635903117d011f1b077e8fb1c361bab',1,4,2,3),
('d635903117d011f1b077e8fb1c361bab',2,4,3,4),
('d635903117d011f1b077e8fb1c361bab',3,5,3,4),
('d635913b17d011f1b077e8fb1c361bab',1,4,4,4),
('d635913b17d011f1b077e8fb1c361bab',2,3,5,2),
('d635913b17d011f1b077e8fb1c361bab',3,4,3,1),
('d63591bb17d011f1b077e8fb1c361bab',1,1,5,1),
('d63591bb17d011f1b077e8fb1c361bab',2,2,4,4),
('d63591bb17d011f1b077e8fb1c361bab',3,1,3,2),
('d635957017d011f1b077e8fb1c361bab',1,4,5,2),
('d635957017d011f1b077e8fb1c361bab',2,3,1,2),
('d635957017d011f1b077e8fb1c361bab',3,1,2,4),
('d635970317d011f1b077e8fb1c361bab',1,2,1,4),
('d635970317d011f1b077e8fb1c361bab',2,5,3,5),
('d635970317d011f1b077e8fb1c361bab',3,4,2,3),
('d63598ff17d011f1b077e8fb1c361bab',1,4,4,4),
('d63598ff17d011f1b077e8fb1c361bab',2,4,5,1),
('d63598ff17d011f1b077e8fb1c361bab',3,5,5,2),
('d6359bdd17d011f1b077e8fb1c361bab',1,3,3,1),
('d6359bdd17d011f1b077e8fb1c361bab',2,5,5,5),
('d6359bdd17d011f1b077e8fb1c361bab',3,4,1,2),
('d6359ca517d011f1b077e8fb1c361bab',1,3,3,3),
('d6359ca517d011f1b077e8fb1c361bab',2,5,5,4),
('d6359ca517d011f1b077e8fb1c361bab',3,3,2,4),
('d6359f6817d011f1b077e8fb1c361bab',1,4,3,4),
('d6359f6817d011f1b077e8fb1c361bab',2,5,4,3),
('d6359f6817d011f1b077e8fb1c361bab',3,2,2,5),
('d635a20917d011f1b077e8fb1c361bab',1,3,2,1),
('d635a20917d011f1b077e8fb1c361bab',2,1,2,4),
('d635a20917d011f1b077e8fb1c361bab',3,3,4,2),
('d635a34017d011f1b077e8fb1c361bab',1,3,5,4),
('d635a34017d011f1b077e8fb1c361bab',2,5,3,1),
('d635a34017d011f1b077e8fb1c361bab',3,3,1,2),
('d635a5bb17d011f1b077e8fb1c361bab',1,4,4,4),
('d635a5bb17d011f1b077e8fb1c361bab',2,5,3,5),
('d635a5bb17d011f1b077e8fb1c361bab',3,1,4,2),
('d635a8b517d011f1b077e8fb1c361bab',1,3,2,3),
('d635a8b517d011f1b077e8fb1c361bab',2,4,4,2),
('d635a8b517d011f1b077e8fb1c361bab',3,1,1,5),
('d635a98f17d011f1b077e8fb1c361bab',1,2,3,4),
('d635a98f17d011f1b077e8fb1c361bab',2,4,4,2),
('d635a98f17d011f1b077e8fb1c361bab',3,3,1,2),
('d635ac6917d011f1b077e8fb1c361bab',1,3,5,3),
('d635ac6917d011f1b077e8fb1c361bab',2,1,1,5),
('d635ac6917d011f1b077e8fb1c361bab',3,1,5,5),
('d635674f17d011f1b077e8fb1c361bab',1,1,4,2),
('d635674f17d011f1b077e8fb1c361bab',2,2,5,5),
('d635674f17d011f1b077e8fb1c361bab',3,1,5,4),
('d635706b17d011f1b077e8fb1c361bab',1,4,5,4),
('d635706b17d011f1b077e8fb1c361bab',2,2,5,4),
('d635706b17d011f1b077e8fb1c361bab',3,2,3,2),
('d635718517d011f1b077e8fb1c361bab',1,1,2,4),
('d635718517d011f1b077e8fb1c361bab',2,1,4,4),
('d635718517d011f1b077e8fb1c361bab',3,4,4,5),
('d635737117d011f1b077e8fb1c361bab',1,1,1,3),
('d635737117d011f1b077e8fb1c361bab',2,4,3,3),
('d635737117d011f1b077e8fb1c361bab',3,2,1,5),
('d63573f517d011f1b077e8fb1c361bab',1,3,5,3),
('d63573f517d011f1b077e8fb1c361bab',2,3,2,4),
('d63573f517d011f1b077e8fb1c361bab',3,2,3,3),
('d635747117d011f1b077e8fb1c361bab',1,4,4,5),
('d635747117d011f1b077e8fb1c361bab',2,3,5,2),
('d635747117d011f1b077e8fb1c361bab',3,2,3,5),
('d63574f417d011f1b077e8fb1c361bab',1,1,2,2),
('d63574f417d011f1b077e8fb1c361bab',2,2,1,3),
('d63574f417d011f1b077e8fb1c361bab',3,2,3,5),
('d635757717d011f1b077e8fb1c361bab',1,2,5,2),
('d635757717d011f1b077e8fb1c361bab',2,1,2,3),
('d635757717d011f1b077e8fb1c361bab',3,3,3,5),
('d63575fa17d011f1b077e8fb1c361bab',1,5,3,4),
('d63575fa17d011f1b077e8fb1c361bab',2,5,1,3),
('d63575fa17d011f1b077e8fb1c361bab',3,2,4,5),
('d635768017d011f1b077e8fb1c361bab',1,4,4,3),
('d635768017d011f1b077e8fb1c361bab',2,3,1,5),
('d635768017d011f1b077e8fb1c361bab',3,4,1,3),
('d635773617d011f1b077e8fb1c361bab',1,1,5,5),
('d635773617d011f1b077e8fb1c361bab',2,5,5,4),
('d635773617d011f1b077e8fb1c361bab',3,5,3,4),
('d6357bbd17d011f1b077e8fb1c361bab',1,1,4,1),
('d6357bbd17d011f1b077e8fb1c361bab',2,1,1,1),
('d6357bbd17d011f1b077e8fb1c361bab',3,5,4,1),
('d6357cd917d011f1b077e8fb1c361bab',1,3,3,3),
('d6357cd917d011f1b077e8fb1c361bab',2,1,5,4),
('d6357cd917d011f1b077e8fb1c361bab',3,4,2,1),
('d6357dd317d011f1b077e8fb1c361bab',1,4,2,1),
('d6357dd317d011f1b077e8fb1c361bab',2,3,3,3),
('d6357dd317d011f1b077e8fb1c361bab',3,3,2,3),
('d6357e5317d011f1b077e8fb1c361bab',1,2,1,1),
('d6357e5317d011f1b077e8fb1c361bab',2,2,5,2),
('d6357e5317d011f1b077e8fb1c361bab',3,4,3,4),
('d635806517d011f1b077e8fb1c361bab',1,2,5,3),
('d635806517d011f1b077e8fb1c361bab',2,2,3,3),
('d635806517d011f1b077e8fb1c361bab',3,5,1,5),
('d635810017d011f1b077e8fb1c361bab',1,1,5,1),
('d635810017d011f1b077e8fb1c361bab',2,2,2,2),
('d635810017d011f1b077e8fb1c361bab',3,2,5,1),
('d635828017d011f1b077e8fb1c361bab',1,4,2,4),
('d635828017d011f1b077e8fb1c361bab',2,4,5,2),
('d635828017d011f1b077e8fb1c361bab',3,1,5,2),
('d63582fb17d011f1b077e8fb1c361bab',1,3,2,1),
('d63582fb17d011f1b077e8fb1c361bab',2,1,4,1),
('d63582fb17d011f1b077e8fb1c361bab',3,5,3,1),
('d635853517d011f1b077e8fb1c361bab',1,2,4,2),
('d635853517d011f1b077e8fb1c361bab',2,4,5,5),
('d635853517d011f1b077e8fb1c361bab',3,3,2,3),
('d63585ba17d011f1b077e8fb1c361bab',1,5,5,3),
('d63585ba17d011f1b077e8fb1c361bab',2,2,5,3),
('d63585ba17d011f1b077e8fb1c361bab',3,5,3,2),
('d635877317d011f1b077e8fb1c361bab',1,4,2,1),
('d635877317d011f1b077e8fb1c361bab',2,5,4,2),
('d635877317d011f1b077e8fb1c361bab',3,3,3,3),
('d635890817d011f1b077e8fb1c361bab',1,3,2,3),
('d635890817d011f1b077e8fb1c361bab',2,4,2,4),
('d635890817d011f1b077e8fb1c361bab',3,3,3,4),
('d6358c5d17d011f1b077e8fb1c361bab',1,5,5,5),
('d6358c5d17d011f1b077e8fb1c361bab',2,3,1,1),
('d6358c5d17d011f1b077e8fb1c361bab',3,2,4,3),
('d63590b817d011f1b077e8fb1c361bab',1,3,3,2),
('d63590b817d011f1b077e8fb1c361bab',2,2,1,5),
('d63590b817d011f1b077e8fb1c361bab',3,5,4,5),
('d635923d17d011f1b077e8fb1c361bab',1,1,4,1),
('d635923d17d011f1b077e8fb1c361bab',2,1,3,3),
('d635923d17d011f1b077e8fb1c361bab',3,5,2,1),
('d63594ea17d011f1b077e8fb1c361bab',1,4,5,1),
('d63594ea17d011f1b077e8fb1c361bab',2,4,5,1),
('d63594ea17d011f1b077e8fb1c361bab',3,4,2,1),
('d63595f417d011f1b077e8fb1c361bab',1,3,2,2),
('d63595f417d011f1b077e8fb1c361bab',2,4,1,2),
('d63595f417d011f1b077e8fb1c361bab',3,4,4,1),
('d635967d17d011f1b077e8fb1c361bab',1,5,1,4),
('d635967d17d011f1b077e8fb1c361bab',2,5,1,1),
('d635967d17d011f1b077e8fb1c361bab',3,5,1,3),
('d635978517d011f1b077e8fb1c361bab',1,5,1,3),
('d635978517d011f1b077e8fb1c361bab',2,5,5,4),
('d635978517d011f1b077e8fb1c361bab',3,4,2,1),
('d635980017d011f1b077e8fb1c361bab',1,3,1,1),
('d635980017d011f1b077e8fb1c361bab',2,2,5,3),
('d635980017d011f1b077e8fb1c361bab',3,4,4,5),
('d635997f17d011f1b077e8fb1c361bab',1,4,4,5),
('d635997f17d011f1b077e8fb1c361bab',2,2,5,5),
('d635997f17d011f1b077e8fb1c361bab',3,3,4,5),
('d635a11817d011f1b077e8fb1c361bab',1,3,5,1),
('d635a11817d011f1b077e8fb1c361bab',2,3,1,3),
('d635a11817d011f1b077e8fb1c361bab',3,5,3,2),
('d635a4bd17d011f1b077e8fb1c361bab',1,1,2,3),
('d635a4bd17d011f1b077e8fb1c361bab',2,2,2,4),
('d635a4bd17d011f1b077e8fb1c361bab',3,3,1,2),
('d635aa7417d011f1b077e8fb1c361bab',1,4,3,3),
('d635aa7417d011f1b077e8fb1c361bab',2,2,3,3),
('d635aa7417d011f1b077e8fb1c361bab',3,2,1,1),
('d6356f5f17d011f1b077e8fb1c361bab',1,2,1,1),
('d6356f5f17d011f1b077e8fb1c361bab',2,1,3,2),
('d6356f5f17d011f1b077e8fb1c361bab',3,4,5,5),
('d63572f817d011f1b077e8fb1c361bab',1,5,5,1),
('d63572f817d011f1b077e8fb1c361bab',2,2,2,2),
('d63572f817d011f1b077e8fb1c361bab',3,1,1,3),
('d63577af17d011f1b077e8fb1c361bab',1,4,2,2),
('d63577af17d011f1b077e8fb1c361bab',2,1,3,4),
('d63577af17d011f1b077e8fb1c361bab',3,2,1,4),
('d635783617d011f1b077e8fb1c361bab',1,5,5,1),
('d635783617d011f1b077e8fb1c361bab',2,5,2,3),
('d635783617d011f1b077e8fb1c361bab',3,3,4,1),
('d635793217d011f1b077e8fb1c361bab',1,2,3,1),
('d635793217d011f1b077e8fb1c361bab',2,5,5,3),
('d635793217d011f1b077e8fb1c361bab',3,2,1,4),
('d63579ae17d011f1b077e8fb1c361bab',1,2,5,1),
('d63579ae17d011f1b077e8fb1c361bab',2,1,5,2),
('d63579ae17d011f1b077e8fb1c361bab',3,4,5,2),
('d6357a3517d011f1b077e8fb1c361bab',1,4,1,1),
('d6357a3517d011f1b077e8fb1c361bab',2,5,2,1),
('d6357a3517d011f1b077e8fb1c361bab',3,5,1,3),
('d6357c5817d011f1b077e8fb1c361bab',1,5,4,2),
('d6357c5817d011f1b077e8fb1c361bab',2,1,2,1),
('d6357c5817d011f1b077e8fb1c361bab',3,2,2,5),
('d6357ecf17d011f1b077e8fb1c361bab',1,5,1,1),
('d6357ecf17d011f1b077e8fb1c361bab',2,4,1,3),
('d6357ecf17d011f1b077e8fb1c361bab',3,3,1,4),
('d6357f5517d011f1b077e8fb1c361bab',1,3,2,4),
('d6357f5517d011f1b077e8fb1c361bab',2,1,1,2),
('d6357f5517d011f1b077e8fb1c361bab',3,5,3,1),
('d6357fdc17d011f1b077e8fb1c361bab',1,4,4,3),
('d6357fdc17d011f1b077e8fb1c361bab',2,5,5,3),
('d6357fdc17d011f1b077e8fb1c361bab',3,4,5,5),
('d635820417d011f1b077e8fb1c361bab',1,1,5,2),
('d635820417d011f1b077e8fb1c361bab',2,3,4,4),
('d635820417d011f1b077e8fb1c361bab',3,2,1,1),
('d635838617d011f1b077e8fb1c361bab',1,3,1,2),
('d635838617d011f1b077e8fb1c361bab',2,3,2,1),
('d635838617d011f1b077e8fb1c361bab',3,1,2,1),
('d635863e17d011f1b077e8fb1c361bab',1,3,3,2),
('d635863e17d011f1b077e8fb1c361bab',2,4,2,1),
('d635863e17d011f1b077e8fb1c361bab',3,1,4,4),
('d63586e617d011f1b077e8fb1c361bab',1,3,4,2),
('d63586e617d011f1b077e8fb1c361bab',2,4,3,2),
('d63586e617d011f1b077e8fb1c361bab',3,2,1,1),
('d635898817d011f1b077e8fb1c361bab',1,3,3,5),
('d635898817d011f1b077e8fb1c361bab',2,4,4,1),
('d635898817d011f1b077e8fb1c361bab',3,2,4,5),
('d6358bac17d011f1b077e8fb1c361bab',1,3,4,2),
('d6358bac17d011f1b077e8fb1c361bab',2,3,2,3),
('d6358bac17d011f1b077e8fb1c361bab',3,2,2,1),
('d6358ce717d011f1b077e8fb1c361bab',1,5,2,2),
('d6358ce717d011f1b077e8fb1c361bab',2,1,5,5),
('d6358ce717d011f1b077e8fb1c361bab',3,2,3,2),
('d6358d6b17d011f1b077e8fb1c361bab',1,4,5,5),
('d6358d6b17d011f1b077e8fb1c361bab',2,1,5,5),
('d6358d6b17d011f1b077e8fb1c361bab',3,5,1,3),
('d6358e6a17d011f1b077e8fb1c361bab',1,5,3,1),
('d6358e6a17d011f1b077e8fb1c361bab',2,1,3,2),
('d6358e6a17d011f1b077e8fb1c361bab',3,4,4,5),
('d6358ee817d011f1b077e8fb1c361bab',1,2,1,3),
('d6358ee817d011f1b077e8fb1c361bab',2,3,4,3),
('d6358ee817d011f1b077e8fb1c361bab',3,5,1,4),
('d63592bc17d011f1b077e8fb1c361bab',1,3,2,1),
('d63592bc17d011f1b077e8fb1c361bab',2,1,3,1),
('d63592bc17d011f1b077e8fb1c361bab',3,4,5,2),
('d635933f17d011f1b077e8fb1c361bab',1,1,1,5),
('d635933f17d011f1b077e8fb1c361bab',2,1,3,3),
('d635933f17d011f1b077e8fb1c361bab',3,2,2,2),
('d63593e917d011f1b077e8fb1c361bab',1,5,4,1),
('d63593e917d011f1b077e8fb1c361bab',2,1,3,4),
('d63593e917d011f1b077e8fb1c361bab',3,2,3,3),
('d635946c17d011f1b077e8fb1c361bab',1,3,4,3),
('d635946c17d011f1b077e8fb1c361bab',2,2,2,3),
('d635946c17d011f1b077e8fb1c361bab',3,1,2,4),
('d635987c17d011f1b077e8fb1c361bab',1,5,1,2),
('d635987c17d011f1b077e8fb1c361bab',2,1,5,2),
('d635987c17d011f1b077e8fb1c361bab',3,4,5,3),
('d63599fb17d011f1b077e8fb1c361bab',1,5,4,5),
('d63599fb17d011f1b077e8fb1c361bab',2,4,4,2),
('d63599fb17d011f1b077e8fb1c361bab',3,3,4,5),
('d6359a8d17d011f1b077e8fb1c361bab',1,5,2,1),
('d6359a8d17d011f1b077e8fb1c361bab',2,2,2,5),
('d6359a8d17d011f1b077e8fb1c361bab',3,5,5,2),
('d6359b3c17d011f1b077e8fb1c361bab',1,5,5,4),
('d6359b3c17d011f1b077e8fb1c361bab',2,2,5,4),
('d6359b3c17d011f1b077e8fb1c361bab',3,1,5,1),
('d6359d8117d011f1b077e8fb1c361bab',1,1,3,5),
('d6359d8117d011f1b077e8fb1c361bab',2,4,3,4),
('d6359d8117d011f1b077e8fb1c361bab',3,5,5,3),
('d6359e8c17d011f1b077e8fb1c361bab',1,2,2,1),
('d6359e8c17d011f1b077e8fb1c361bab',2,2,1,4),
('d6359e8c17d011f1b077e8fb1c361bab',3,3,4,5),
('d635a6b717d011f1b077e8fb1c361bab',1,1,4,2),
('d635a6b717d011f1b077e8fb1c361bab',2,5,4,5),
('d635a6b717d011f1b077e8fb1c361bab',3,4,2,4),
('d635a7bb17d011f1b077e8fb1c361bab',1,3,3,5),
('d635a7bb17d011f1b077e8fb1c361bab',2,2,2,5),
('d635a7bb17d011f1b077e8fb1c361bab',3,3,2,1),
('d635ab8517d011f1b077e8fb1c361bab',1,1,2,1),
('d635ab8517d011f1b077e8fb1c361bab',2,4,5,2),
('d635ab8517d011f1b077e8fb1c361bab',3,4,5,4),
('d635ad4017d011f1b077e8fb1c361bab',1,2,2,4),
('d635ad4017d011f1b077e8fb1c361bab',2,1,2,2),
('d635ad4017d011f1b077e8fb1c361bab',3,4,2,5);
